ts,endpoint,code,ms
09:27:53,/health,200,211
09:27:53,/cursos,200,83
09:27:54,/health,200,63
09:27:54,/cursos,200,66
09:27:55,/health,200,80
09:27:55,/cursos,200,63
09:27:55,/health,200,62
09:27:55,/cursos,200,64
09:27:56,/health,200,61
09:27:56,/cursos,200,64
09:27:57,/health,200,63
09:27:57,/cursos,200,61
09:27:58,/health,200,62
09:27:58,/cursos,200,76
09:27:59,/health,200,62
09:27:59,/cursos,200,63
09:28:00,/health,200,61
09:28:00,/cursos,200,63
09:28:00,/health,200,61
09:28:00,/cursos,200,62
09:28:01,/health,200,62
09:28:01,/cursos,200,63
09:28:02,/health,200,61
09:28:02,/cursos,200,64
09:28:03,/health,200,62
09:28:03,/cursos,200,61
09:28:04,/health,200,63
09:28:04,/cursos,200,80
09:28:05,/health,200,82
09:28:05,/cursos,200,72
09:28:05,/health,200,61
09:28:06,/cursos,200,65
09:28:06,/health,200,59
09:28:06,/cursos,200,64
09:28:07,/health,200,61
09:28:07,/cursos,200,63
09:28:08,/health,200,62
09:28:08,/cursos,200,69
09:28:09,/health,200,65
09:28:09,/cursos,200,76
09:28:10,/health,200,64
09:28:10,/cursos,200,62
09:28:11,/health,200,61
09:28:11,/cursos,200,63
09:28:11,/health,200,63
09:28:11,/cursos,200,63
09:28:12,/health,200,61
09:28:12,/cursos,200,65
09:28:13,/health,200,61
09:28:13,/cursos,200,79
09:28:14,/health,200,61
09:28:14,/cursos,200,63
09:28:15,/health,200,63
09:28:15,/cursos,200,63
09:28:16,/health,200,63
09:28:16,/cursos,200,63
09:28:16,/health,200,59
09:28:16,/cursos,200,62
09:28:17,/health,200,60
09:28:17,/cursos,200,63
09:28:18,/health,200,62
09:28:18,/cursos,200,63
09:28:19,/health,200,62
09:28:19,/cursos,200,61
09:28:20,/health,200,62
09:28:20,/cursos,200,65
09:28:21,/health,200,59
09:28:21,/cursos,200,61
09:28:21,/health,200,61
09:28:21,/cursos,200,63
09:28:22,/health,200,62
09:28:22,/cursos,200,62
09:28:23,/health,200,60
09:28:23,/cursos,200,65
09:28:24,/health,200,61
09:28:24,/cursos,200,63
09:28:25,/health,200,60
09:28:25,/cursos,200,61
09:28:26,/health,200,64
09:28:26,/cursos,200,64
09:28:26,/health,200,61
09:28:26,/cursos,200,64
09:28:27,/health,200,61
09:28:27,/cursos,200,63
09:28:28,/health,200,61
09:28:28,/cursos,200,63
09:28:29,/health,200,62
09:28:29,/cursos,200,61
09:28:30,/health,200,61
09:28:30,/cursos,200,64
09:28:31,/health,200,59
09:28:31,/cursos,200,62
09:28:31,/health,200,61
09:28:31,/cursos,200,63
09:28:32,/health,200,59
09:28:32,/cursos,200,60
09:28:33,/health,200,58
09:28:33,/cursos,200,61
09:28:34,/health,200,60
09:28:34,/cursos,200,61
09:28:35,/health,200,123
09:28:35,/cursos,500,100
09:28:36,/health,200,63
09:28:36,/cursos,500,69
09:28:37,/health,200,63
09:28:37,/cursos,500,69
09:28:37,/health,200,61
09:28:37,/cursos,500,74
09:28:38,/health,200,63
09:28:38,/cursos,500,67
09:28:39,/health,200,63
09:28:39,/cursos,500,64
09:28:40,/health,200,64
09:28:40,/cursos,500,64
09:28:41,/health,200,63
09:28:41,/cursos,500,64
09:28:42,/health,200,65
09:28:42,/cursos,500,64
09:28:42,/health,200,62
09:28:42,/cursos,500,63
09:28:43,/health,200,64
09:28:43,/cursos,500,62
09:28:44,/health,200,63
09:28:44,/cursos,500,70
09:28:45,/health,200,62
09:28:45,/cursos,500,65
09:28:46,/health,200,65
09:28:46,/cursos,500,64
09:28:47,/health,200,64
09:28:47,/cursos,500,68
09:28:47,/health,200,63
09:28:48,/cursos,500,68
09:28:48,/health,200,64
09:28:48,/cursos,500,68
09:28:49,/health,200,62
09:28:49,/cursos,500,63
09:28:50,/health,200,71
09:28:50,/cursos,500,63
09:28:51,/health,200,65
09:28:51,/cursos,500,68
09:28:52,/health,200,67
09:28:52,/cursos,500,63
09:28:53,/health,200,65
09:28:53,/cursos,500,65
09:28:53,/health,200,63
09:28:53,/cursos,500,65
09:28:54,/health,200,65
09:28:54,/cursos,500,63
09:28:55,/health,200,61
09:28:55,/cursos,500,65
09:28:56,/health,200,64
09:28:56,/cursos,500,64
09:28:57,/health,200,62
09:28:57,/cursos,500,64
09:28:58,/health,200,62
09:28:58,/cursos,500,63
09:28:58,/health,200,62
09:28:58,/cursos,500,64
09:28:59,/health,200,63
09:28:59,/cursos,500,62
09:29:00,/health,200,62
09:29:00,/cursos,500,84
09:29:01,/health,200,63
09:29:01,/cursos,500,63
09:29:02,/health,200,62
09:29:02,/cursos,500,64
09:29:03,/health,200,62
09:29:03,/cursos,500,63
09:29:03,/health,200,64
09:29:03,/cursos,500,63
09:29:04,/health,200,62
09:29:04,/cursos,500,64
09:29:05,/health,200,65
09:29:05,/cursos,500,66
09:29:06,/health,200,63
09:29:07,/cursos,500,1095
09:29:08,/health,200,63
09:29:08,/cursos,500,63
09:29:09,/health,200,64
09:29:09,/cursos,500,75
09:29:09,/health,200,64
09:29:10,/cursos,500,63
09:29:10,/health,200,62
09:29:10,/cursos,500,63
09:29:11,/health,200,64
09:29:11,/cursos,500,63
09:29:12,/health,200,61
09:29:13,/cursos,500,1099
09:29:14,/health,200,61
09:29:14,/cursos,500,63
09:29:15,/health,200,60
09:29:15,/cursos,500,62
09:29:16,/health,200,60
09:29:16,/cursos,500,67
09:29:16,/health,200,62
09:29:16,/cursos,500,72
09:29:17,/health,200,63
09:29:17,/cursos,500,62
09:29:18,/health,200,64
09:29:18,/cursos,500,66
09:29:19,/health,200,62
09:29:20,/cursos,500,1099
09:29:21,/health,200,63
09:29:21,/cursos,500,65
09:29:22,/health,200,61
09:29:22,/cursos,500,64
09:29:22,/health,200,64
09:29:23,/cursos,500,65
09:29:23,/health,200,60
09:29:23,/cursos,500,62
09:29:24,/health,200,64
09:29:24,/cursos,500,63
09:29:25,/health,200,62
09:29:26,/cursos,500,1116
09:29:27,/health,200,62
09:29:27,/cursos,500,64
09:29:28,/health,200,62
09:29:28,/cursos,500,63
09:29:29,/health,200,62
09:29:29,/cursos,500,63
09:29:29,/health,200,64
09:29:29,/cursos,500,64
09:29:30,/health,200,60
09:29:30,/cursos,500,63
09:29:31,/health,200,60
09:29:32,/cursos,500,1119
09:29:33,/health,200,61
09:29:33,/cursos,500,64
09:29:34,/health,200,64
09:29:34,/cursos,200,442
09:29:35,/health,200,60
09:29:35,/cursos,200,63
09:29:36,/health,200,60
09:29:36,/cursos,200,63
09:29:37,/health,200,59
09:29:37,/cursos,200,62
09:29:38,/health,200,61
09:29:38,/cursos,200,62
09:29:38,/health,200,62
09:29:38,/cursos,200,67
09:29:39,/health,200,63
09:29:39,/cursos,200,66
09:29:40,/health,200,62
09:29:40,/cursos,200,64
09:29:41,/health,200,65
09:29:41,/cursos,200,64
09:29:42,/health,200,59
09:29:42,/cursos,200,68
09:29:43,/health,200,60
09:29:43,/cursos,200,66
09:29:43,/health,200,60
09:29:43,/cursos,200,64
09:29:44,/health,200,65
09:29:44,/cursos,200,66
09:29:45,/health,200,61
09:29:45,/cursos,200,65
09:29:46,/health,200,60
09:29:46,/cursos,200,64
09:29:47,/health,200,62
09:29:47,/cursos,200,65
09:29:48,/health,200,62
09:29:48,/cursos,200,62
09:29:48,/health,200,62
09:29:49,/cursos,200,65
09:29:49,/health,200,60
09:29:49,/cursos,200,65
09:29:50,/health,200,59
09:29:50,/cursos,200,71
09:29:51,/health,200,64
09:29:51,/cursos,200,63
09:29:52,/health,200,62
09:29:52,/cursos,200,65
09:29:53,/health,200,62
09:29:53,/cursos,200,66
09:29:53,/health,200,62
09:29:54,/cursos,200,66
09:29:54,/health,200,61
09:29:54,/cursos,200,64
09:29:55,/health,200,62
09:29:55,/cursos,200,64
09:29:56,/health,200,62
09:29:56,/cursos,200,66
09:29:59,/health,200,2636
09:29:59,/cursos,200,70
09:30:00,/health,200,63
09:30:00,/cursos,200,64
09:30:01,/health,200,63
09:30:01,/cursos,200,66
09:30:02,/health,200,62
09:30:02,/cursos,200,64
09:30:03,/health,200,62
09:30:03,/cursos,200,64
09:30:04,/health,200,63
09:30:04,/cursos,200,65
09:30:04,/health,200,64
09:30:04,/cursos,200,65
09:30:05,/health,200,62
09:30:05,/cursos,200,65
09:30:06,/health,200,62
09:30:06,/cursos,200,66
09:30:07,/health,200,62
09:30:07,/cursos,200,62
09:30:08,/health,200,60
09:30:08,/cursos,200,65
09:30:09,/health,200,60
09:30:09,/cursos,200,63
09:30:09,/health,200,81
09:30:10,/cursos,200,76
09:30:10,/health,200,61
09:30:10,/cursos,200,63
09:30:11,/health,200,61
09:30:11,/cursos,200,62
09:30:12,/health,200,61
09:30:12,/cursos,200,63
09:30:13,/health,200,60
09:30:13,/cursos,200,63
09:30:14,/health,200,61
09:30:14,/cursos,200,63
09:30:15,/health,200,64
09:30:15,/cursos,200,64
09:30:15,/health,200,60
09:30:15,/cursos,200,64
09:30:16,/health,200,60
09:30:16,/cursos,200,63
